"Reporting starts","Reporting ends","Ad name","Ad delivery","Ad set name",Bid,"Bid type","Ad set budget","Ad set budget type","Last significant edit","Attribution setting",Results,"Result indicator",Reach,Impressions,Frequency,"CPM (cost per 1,000 impressions) (NOK)","Cost per results",Purchases,"Quality ranking","Engagement rate ranking","Conversion rate ranking","Purchase ROAS (return on ad spend)","Amount spent (NOK)",Ends
2025-11-11,2025-11-18,,0,,0,0,0,0,0,"7-day click, 1-day view, or 1-day engaged-view",,,254655,784675,3.081326,158.604072,,,-,-,-,,124452.65,
2025-11-11,2025-11-18,"NO_BOF_Purchase_Lilcat|NO_BOF_WebVisitors_30D|Trude animasjon",active,NO_BOF_WebVisitors_30D,0,ABSOLUTE_OCPM,800,Daily,2025-10-31T14:42:42+0100,"7-day click, 1-day view, or 1-day engaged-view",,,2143,3675,1.714886,203.268027,,,Average,Average,"Below average - Bottom 35% of ads",,747.01,Ongoing
2025-11-11,2025-11-18,"NO_BOF_Purchase_Lilcat|NO_BOF_InitCheckout_60D|Trude animasjon",active,NO_BOF_InitCheckout_60D,0,ABSOLUTE_OCPM,800,Daily,0,"7-day click, 1-day view, or 1-day engaged-view",1,actions:offsite_conversion.fb_pixel_purchase,5052,8536,1.689628,147.373477,1257.98,1,Average,Average,"Below average - Bottom 35% of ads",0.47616,1257.98,Ongoing
2025-11-11,2025-11-18,"NO_BOF_Purchase_Lilcat|NO_BOF_WebVisitors_30D|Trude frihet",active,NO_BOF_WebVisitors_30D,0,ABSOLUTE_OCPM,800,Daily,2025-10-31T14:42:42+0100,"7-day click, 1-day view, or 1-day engaged-view",3,actions:offsite_conversion.fb_pixel_purchase,7230,18169,2.513001,142.422258,862.55666667,3,Average,Average,"Below average - Bottom 35% of ads",0.616771,2587.67,Ongoing
2025-11-11,2025-11-18,"NO_BOF_Purchase_Lilcat|NO_BOF_ATC_60D|Trude animasjon - Copy",active,NO_BOF_ATC_60D,0,ABSOLUTE_OCPM,800,Daily,0,"7-day click, 1-day view, or 1-day engaged-view",,,7788,17697,2.272342,160.506866,,,Average,Average,"Below average - Bottom 35% of ads",,2840.49,Ongoing
2025-11-11,2025-11-18,"NO_BOF_Purchase_Lilcat|NO_BOF_InitCheckout_60D|Trude frihet - Copy",active,NO_BOF_InitCheckout_60D,0,ABSOLUTE_OCPM,800,Daily,0,"7-day click, 1-day view, or 1-day engaged-view",,,2477,3159,1.275333,124.441279,,,-,-,-,,393.11,Ongoing
2025-11-11,2025-11-18,"NO_BOF_Purchase_Lilcat|NO_BOF_Engaged_60D|Trude frihet",active,NO_BOF_Engaged_60D,0,ABSOLUTE_OCPM,800,Daily,2025-10-31T14:42:36+0100,"7-day click, 1-day view, or 1-day engaged-view",,,2593,3661,1.411878,114.632614,,,Average,Average,"Below average - Bottom 35% of ads",,419.67,Ongoing
2025-11-11,2025-11-18,"NO_BOF_Purchase_Lilcat|NO_BOF_ATC_60D|Trude frihet - Copy",active,NO_BOF_ATC_60D,0,ABSOLUTE_OCPM,800,Daily,0,"7-day click, 1-day view, or 1-day engaged-view",,,7508,14227,1.894912,115.718001,,,"Below average - Bottom 35% of ads",Average,"Below average - Bottom 35% of ads",,1646.32,Ongoing
2025-11-11,2025-11-18,"NO_BOF_Purchase_Lilcat|NO_BOF_WebVisitors_30D|Trude Lilcat",active,NO_BOF_WebVisitors_30D,0,ABSOLUTE_OCPM,800,Daily,2025-10-31T14:42:42+0100,"7-day click, 1-day view, or 1-day engaged-view",,,1299,2275,1.751347,145.916484,,,"Below average - Bottom 35% of ads",Average,"Below average - Bottom 35% of ads",,331.96,Ongoing
2025-11-11,2025-11-18,"NO_BOF_Purchase_Lilcat|NO_BOF_InitCheckout_60D|Trude Lilcat",active,NO_BOF_InitCheckout_60D,0,ABSOLUTE_OCPM,800,Daily,0,"7-day click, 1-day view, or 1-day engaged-view",,,4601,7506,1.631384,111.576072,,,"Below average - Bottom 35% of ads",Average,"Below average - Bottom 35% of ads",,837.49,Ongoing
2025-11-11,2025-11-18,"NO_BOF_Purchase_Lilcat|NO_BOF_Engaged_60D|Trude Lilcat",active,NO_BOF_Engaged_60D,0,ABSOLUTE_OCPM,800,Daily,2025-10-31T14:42:36+0100,"7-day click, 1-day view, or 1-day engaged-view",2,actions:offsite_conversion.fb_pixel_purchase,5269,9970,1.8922,98.624875,491.645,2,"Below average - Bottom 35% of ads",Average,"Below average - Bottom 35% of ads",2.5374,983.29,Ongoing
2025-11-11,2025-11-18,"NO_BOF_Purchase_Lilcat|NO_BOF_ATC_60D|Trude Lilcat - Copy",active,NO_BOF_ATC_60D,0,ABSOLUTE_OCPM,800,Daily,0,"7-day click, 1-day view, or 1-day engaged-view",,,1746,2395,1.371707,135.215031,,,-,-,-,,323.84,Ongoing
2025-11-11,2025-11-18,"NO_BOF_Purchase_Lilcat|NO_BOF_ATC_60D|Trude høsttilbud",active,NO_BOF_ATC_60D,0,ABSOLUTE_OCPM,800,Daily,0,"7-day click, 1-day view, or 1-day engaged-view",,,378,479,1.267196,166.05428,,,-,-,-,,79.54,Ongoing
2025-11-11,2025-11-18,"NO_BOF_Purchase_Lilcat|NO_BOF_WebVisitors_30D|Trude høsttilbud",active,NO_BOF_WebVisitors_30D,0,ABSOLUTE_OCPM,800,Daily,2025-10-31T14:42:42+0100,"7-day click, 1-day view, or 1-day engaged-view",,,1398,2994,2.141631,161.148965,,,Average,Average,"Below average - Bottom 35% of ads",,482.48,Ongoing
2025-11-11,2025-11-18,"NO_BOF_Purchase_Lilcat|NO_BOF_Engaged_60D|Trude høsttilbud",active,NO_BOF_Engaged_60D,0,ABSOLUTE_OCPM,800,Daily,2025-10-31T14:42:36+0100,"7-day click, 1-day view, or 1-day engaged-view",,,969,1387,1.431373,132.299928,,,-,-,-,,183.5,Ongoing
2025-11-11,2025-11-18,"NO_BOF_Purchase_Lilcat|NO_BOF_InitCheckout_60D|Trude høsttilbud",active,NO_BOF_InitCheckout_60D,0,ABSOLUTE_OCPM,800,Daily,0,"7-day click, 1-day view, or 1-day engaged-view",,,1702,2832,1.663925,131.221751,,,"Below average - Bottom 35% of ads",Average,"Below average - Bottom 35% of ads",,371.62,Ongoing
2025-11-11,2025-11-18,NO_BOF_Purchase_Lilcat|NO_BOF_InitCheckout_60D|Skogskatt,active,NO_BOF_InitCheckout_60D,0,ABSOLUTE_OCPM,800,Daily,0,"7-day click, 1-day view, or 1-day engaged-view",,,9378,19460,2.075069,113.574512,,,Average,Average,"Below average - Bottom 35% of ads",,2210.16,Ongoing
2025-11-11,2025-11-18,NO_BOF_Purchase_Lilcat|NO_BOF_WebVisitors_30D|Skogskatt,active,NO_BOF_WebVisitors_30D,0,ABSOLUTE_OCPM,800,Daily,2025-10-31T14:42:42+0100,"7-day click, 1-day view, or 1-day engaged-view",,,1554,2214,1.42471,164.724481,,,Average,Average,"Below average - Bottom 35% of ads",,364.7,Ongoing
2025-11-11,2025-11-18,NO_BOF_Purchase_Lilcat|NO_BOF_Engaged_60D|Skogskatt,active,NO_BOF_Engaged_60D,0,ABSOLUTE_OCPM,800,Daily,2025-10-31T14:42:36+0100,"7-day click, 1-day view, or 1-day engaged-view",,,10837,27838,2.568792,113.101157,,,Average,Average,"Below average - Bottom 35% of ads",,3148.51,Ongoing
2025-11-11,2025-11-18,NO_BOF_Purchase_Lilcat|NO_BOF_ATC_60D|Skogskatt,active,NO_BOF_ATC_60D,0,ABSOLUTE_OCPM,800,Daily,0,"7-day click, 1-day view, or 1-day engaged-view",,,471,503,1.067941,160.83499,,,-,-,-,,80.9,Ongoing
2025-11-11,2025-11-18,"NO_BOF_Purchase_Lilcat|NO_BOF_InitCheckout_60D|Hvit katt salg",active,NO_BOF_InitCheckout_60D,0,ABSOLUTE_OCPM,800,Daily,0,"7-day click, 1-day view, or 1-day engaged-view",,,1728,2452,1.418981,144.416803,,,"Below average - Bottom 35% of ads",Average,"Below average - Bottom 35% of ads",,354.11,Ongoing
2025-11-11,2025-11-18,"NO_BOF_Purchase_Lilcat|NO_BOF_Engaged_60D|Hvit katt salg",active,NO_BOF_Engaged_60D,0,ABSOLUTE_OCPM,800,Daily,2025-10-31T14:42:36+0100,"7-day click, 1-day view, or 1-day engaged-view",,,3881,7335,1.889977,122.685753,,,Average,Average,"Below average - Bottom 35% of ads",,899.9,Ongoing
2025-11-11,2025-11-18,"NO_BOF_Purchase_Lilcat|NO_BOF_ATC_60D|Hvit katt salg",active,NO_BOF_ATC_60D,0,ABSOLUTE_OCPM,800,Daily,0,"7-day click, 1-day view, or 1-day engaged-view",,,2941,5327,1.811289,125.015956,,,"Below average - Bottom 35% of ads",Average,"Below average - Bottom 35% of ads",,665.96,Ongoing
2025-11-11,2025-11-18,"NO_BOF_Purchase_Lilcat|NO_BOF_WebVisitors_30D|Hvit katt salg",active,NO_BOF_WebVisitors_30D,0,ABSOLUTE_OCPM,800,Daily,2025-10-31T14:42:42+0100,"7-day click, 1-day view, or 1-day engaged-view",,,4897,13673,2.792118,149.46025,,,"Below average - Bottom 35% of ads",Average,"Below average - Bottom 35% of ads",,2043.57,Ongoing
2025-11-11,2025-11-18,"DE_TOF_Advantage+|DE_TOF_ADV+_Broad|Sandra 1.0",active,DE_TOF_ADV+_Broad,0,ABSOLUTE_OCPM,"Using campaign budget",0,2025-11-11T12:03:03+0100,"7-day click, 1-day view, or 1-day engaged-view",4,actions:offsite_conversion.fb_pixel_purchase,11199,14797,1.321279,310.98128,1150.3975,4,"Below average - Bottom 35% of ads",Average,"Below average - Bottom 35% of ads",0.584724,4601.59,Ongoing
2025-11-11,2025-11-18,"DE_TOF_Advantage+|DE_TOF_ADV+_Broad|Sandra 2.0",active,DE_TOF_ADV+_Broad,0,ABSOLUTE_OCPM,"Using campaign budget",0,2025-11-11T12:03:03+0100,"7-day click, 1-day view, or 1-day engaged-view",,,3758,6215,1.653805,202.379726,,,Average,"Above average","Below average - Bottom 35% of ads",,1257.79,Ongoing
2025-11-11,2025-11-18,"NO_TOF_Purchase|NO_TOF_Lookalike_Shopify|Hanne presenterer - Copy 2",inactive,NO_TOF_Lookalike_Shopify,0,ABSOLUTE_OCPM,1520.88,Daily,2025-10-10T21:58:06+0200,-,,,0,0,0,0,,,-,-,-,,0,Ongoing
2025-11-11,2025-11-18,"NO_TOF_Purchase|NO_TOF_Broad|Hanne presenterer - Copy 2",inactive,NO_TOF_Broad,0,ABSOLUTE_OCPM,1000,Daily,2025-10-10T22:07:00+0200,-,,,0,0,0,0,,,-,-,-,,0,Ongoing
2025-11-11,2025-11-18,"NO_TOF_Purchase|NO_TOF_Broad|Hanne presenterer - Copy 2",inactive,NO_TOF_Broad,0,ABSOLUTE_OCPM,1000,Daily,2025-10-10T22:07:00+0200,-,,,0,0,0,0,,,-,-,-,,0,Ongoing
2025-11-11,2025-11-18,"NO_TOF_Purchase|NO_TOF_Interest|Maren frihet",inactive,NO_TOF_Interest,0,ABSOLUTE_OCPM,1000,Daily,2025-10-10T21:57:59+0200,-,,,0,0,0,0,,,-,-,-,,0,Ongoing
2025-11-11,2025-11-18,"NO_TOF_Purchase|NO_TOF_Broad|Maren frihet",inactive,NO_TOF_Broad,0,ABSOLUTE_OCPM,1000,Daily,2025-10-10T22:07:00+0200,-,,,0,0,0,0,,,-,-,-,,0,Ongoing
2025-11-11,2025-11-18,"NO_TOF_Purchase|NO_TOF_Lookalike_Shopify|Maren frihet",inactive,NO_TOF_Lookalike_Shopify,0,ABSOLUTE_OCPM,1520.88,Daily,2025-10-10T21:58:06+0200,-,,,0,0,0,0,,,-,-,-,,0,Ongoing
2025-11-11,2025-11-18,"NO_TOF_Purchase|NO_TOF_Lookalike_Shopify|Maren uro",inactive,NO_TOF_Lookalike_Shopify,0,ABSOLUTE_OCPM,1520.88,Daily,2025-10-10T21:58:06+0200,-,,,0,0,0,0,,,-,-,-,,0,Ongoing
2025-11-11,2025-11-18,"NO_TOF_Purchase|NO_TOF_Interest|Maren uro - Copy",inactive,NO_TOF_Interest,0,ABSOLUTE_OCPM,1000,Daily,2025-10-10T21:57:59+0200,-,,,0,0,0,0,,,-,-,-,,0,Ongoing
2025-11-11,2025-11-18,"NO_TOF_Purchase|NO_TOF_Broad|Maren uro - Copy",inactive,NO_TOF_Broad,0,ABSOLUTE_OCPM,1000,Daily,2025-10-10T22:07:00+0200,-,,,0,0,0,0,,,-,-,-,,0,Ongoing
2025-11-11,2025-11-18,Se_TOF_Purchase|SE_TOF_Lookalike_NO_Buyers|Nicole,inactive,SE_TOF_Lookalike_NO_Buyers,0,ABSOLUTE_OCPM,800,Daily,2025-10-30T09:46:33+0100,"7-day click, 1-day view, or 1-day engaged-view",,,8,9,1.125,258.888889,,,-,-,-,,2.33,Ongoing
2025-11-11,2025-11-18,"Se_TOF_Purchase|SE_TOF_Broad|Nicole - Copy",inactive,SE_TOF_Broad,0,ABSOLUTE_OCPM,800,Daily,2025-10-30T09:46:19+0100,"7-day click, 1-day view, or 1-day engaged-view",,,1,1,1,20,,,-,-,-,,0.02,Ongoing
2025-11-11,2025-11-18,"Se_TOF_Purchase|SE_TOF_Interest|Nicole - Copy",active,SE_TOF_Interest,0,ABSOLUTE_OCPM,800,Daily,2025-10-30T09:46:26+0100,"7-day click, 1-day view, or 1-day engaged-view",,,6045,10620,1.756824,119.259887,,,-,-,-,,1266.54,Ongoing
2025-11-11,2025-11-18,"Test - Se_TOF_Purchase|SE_TOF_Lookalike_NO_Buyers|Nicole",inactive,SE_TOF_Lookalike_NO_Buyers,0,ABSOLUTE_OCPM,800,Daily,2025-10-30T09:46:33+0100,-,,,0,0,0,0,,,-,-,-,,0,Ongoing
2025-11-11,2025-11-18,"Test - Se_TOF_Purchase|SE_TOF_Lookalike_NO_Buyers|Nicole",inactive,SE_TOF_Lookalike_NO_Buyers,0,ABSOLUTE_OCPM,800,Daily,2025-10-30T09:46:33+0100,"7-day click, 1-day view, or 1-day engaged-view",,,3,3,1,513.333333,,,-,-,-,,1.54,Ongoing
2025-11-11,2025-11-18,"Test - Se_TOF_Purchase|SE_TOF_Lookalike_NO_Buyers|Nicole",inactive,SE_TOF_Lookalike_NO_Buyers,0,ABSOLUTE_OCPM,800,Daily,2025-10-30T09:46:33+0100,"7-day click, 1-day view, or 1-day engaged-view",,,3,3,1,100,,,-,-,-,,0.3,Ongoing
2025-11-11,2025-11-18,"Se_TOF_Purchase|SE_TOF_Lookalike_NO_Buyers|Nicole sitat",inactive,SE_TOF_Lookalike_NO_Buyers,0,ABSOLUTE_OCPM,800,Daily,2025-10-30T09:46:33+0100,-,,,0,0,0,0,,,-,-,-,,0,Ongoing
2025-11-11,2025-11-18,"Se_TOF_Purchase|SE_TOF_Broad|Nicole sitat",inactive,SE_TOF_Broad,0,ABSOLUTE_OCPM,800,Daily,2025-10-30T09:46:19+0100,"7-day click, 1-day view, or 1-day engaged-view",,,6,6,1,316.666667,,,-,-,-,,1.9,Ongoing
2025-11-11,2025-11-18,"Se_TOF_Purchase|SE_TOF_Interest|Nicole sitat",active,SE_TOF_Interest,0,ABSOLUTE_OCPM,800,Daily,2025-10-30T09:46:26+0100,"7-day click, 1-day view, or 1-day engaged-view",,,7325,11838,1.616109,92.694712,,,Average,Average,"Below average - Bottom 35% of ads",,1097.32,Ongoing
2025-11-11,2025-11-18,"Se_TOF_Purchase|SE_TOF_Broad|Nicole tilbud",active,SE_TOF_Broad,0,ABSOLUTE_OCPM,800,Daily,2025-10-30T09:46:19+0100,"7-day click, 1-day view, or 1-day engaged-view",,,552,626,1.134058,175.878594,,,-,-,-,,110.1,Ongoing
2025-11-11,2025-11-18,"Se_TOF_Purchase|SE_TOF_Broad|Nicole tilbud - Copy",inactive,SE_TOF_Lookalike_NO_Buyers,0,ABSOLUTE_OCPM,800,Daily,2025-10-30T09:46:33+0100,"7-day click, 1-day view, or 1-day engaged-view",,,19,19,1,124.736842,,,-,-,-,,2.37,Ongoing
2025-11-11,2025-11-18,"Se_TOF_Purchase|SE_TOF_Broad|Nicole tilbud - Copy",active,SE_TOF_Interest,0,ABSOLUTE_OCPM,800,Daily,2025-10-30T09:46:26+0100,"7-day click, 1-day view, or 1-day engaged-view",4,actions:offsite_conversion.fb_pixel_purchase,11201,23650,2.111419,119.987738,709.4275,4,"Below average - Bottom 35% of ads",Average,"Below average - Bottom 35% of ads",1.792593,2837.71,Ongoing
2025-11-11,2025-11-18,NO_TOF_Purchase_Lilcat|NO_TOF_Lilcat_Broad|Missy_V2,active,NO_TOF_Lilcat_Broad,0,ABSOLUTE_OCPM,800,Daily,2025-10-31T13:15:46+0100,"7-day click, 1-day view, or 1-day engaged-view",2,actions:offsite_conversion.fb_pixel_purchase,12371,20008,1.617331,185.919132,1859.935,2,Average,"Above average","Below average - Bottom 35% of ads",0.322054,3719.87,Ongoing
2025-11-11,2025-11-18,NO_TOF_Purchase_Lilcat|NO_TOF_Lilcat_Broad|Trude,active,NO_TOF_Lilcat_Broad,0,ABSOLUTE_OCPM,800,Daily,2025-10-31T13:15:46+0100,"7-day click, 1-day view, or 1-day engaged-view",,,10678,13694,1.28245,128.883453,,,-,-,-,,1764.93,Ongoing
2025-11-11,2025-11-18,"NO_TOF_Purchase_Lilcat|NO_TOF_Lilcat_Broad|Alvin og Ariel",active,NO_TOF_Lilcat_Broad,0,ABSOLUTE_OCPM,800,Daily,2025-10-31T13:15:46+0100,"7-day click, 1-day view, or 1-day engaged-view",,,3137,3796,1.210073,126.999473,,,-,-,-,,482.09,Ongoing
2025-11-11,2025-11-18,"NO_BOF_Purchase_Lilcat|NO_BOF_Engaged_60D|Trude animasjon",active,NO_BOF_Engaged_60D,0,ABSOLUTE_OCPM,800,Daily,2025-10-31T14:42:36+0100,"7-day click, 1-day view, or 1-day engaged-view",,,2200,3040,1.381818,167.5,,,-,-,-,,509.2,Ongoing
2025-11-11,2025-11-18,"Se_TOF_Purchase|SE_TOF_Broad|Milo SE",active,SE_TOF_Broad,0,ABSOLUTE_OCPM,800,Daily,2025-10-30T09:46:19+0100,"7-day click, 1-day view, or 1-day engaged-view",,,4378,6485,1.48127,242.229761,,,Average,Average,"Below average - Bottom 35% of ads",,1570.86,Ongoing
2025-11-11,2025-11-18,"Se_TOF_Purchase|SE_TOF_Broad|Ingkjoo SE",inactive,SE_TOF_Broad,0,ABSOLUTE_OCPM,800,Daily,2025-10-30T09:46:19+0100,"7-day click, 1-day view, or 1-day engaged-view",,,24,25,1.041667,215.2,,,-,-,-,,5.38,Ongoing
2025-11-11,2025-11-18,"Se_TOF_Purchase|SE_TOF_Interest|Hanne på tur SE",inactive,SE_TOF_Interest,0,ABSOLUTE_OCPM,800,Daily,2025-10-30T09:46:26+0100,-,,,0,0,0,0,,,-,-,-,,0,Ongoing
2025-11-11,2025-11-18,"Se_TOF_Purchase|SE_TOF_Interest|Hanne presents SE",inactive,SE_TOF_Interest,0,ABSOLUTE_OCPM,800,Daily,2025-10-30T09:46:26+0100,-,,,0,0,0,0,,,-,-,-,,0,Ongoing
2025-11-11,2025-11-18,"Se_TOF_Purchase|SE_TOF_Interest|Milo SE",inactive,SE_TOF_Interest,0,ABSOLUTE_OCPM,800,Daily,2025-10-30T09:46:26+0100,-,,,0,0,0,0,,,-,-,-,,0,Ongoing
2025-11-11,2025-11-18,"Se_TOF_Purchase|SE_TOF_Interest|Inkjoo SE",inactive,SE_TOF_Interest,0,ABSOLUTE_OCPM,800,Daily,2025-10-30T09:46:26+0100,-,,,0,0,0,0,,,-,-,-,,0,Ongoing
2025-11-11,2025-11-18,"Se_TOF_Purchase|SE_TOF_Lookalike_NO_Buyers|Inkjoo SE",inactive,SE_TOF_Lookalike_NO_Buyers,0,ABSOLUTE_OCPM,800,Daily,2025-10-30T09:46:33+0100,-,,,0,0,0,0,,,-,-,-,,0,Ongoing
2025-11-11,2025-11-18,"Se_TOF_Purchase|SE_TOF_Lookalike_NO_Buyers|Hanne på tur SE",active,SE_TOF_Lookalike_NO_Buyers,0,ABSOLUTE_OCPM,800,Daily,2025-10-30T09:46:33+0100,"7-day click, 1-day view, or 1-day engaged-view",3,actions:offsite_conversion.fb_pixel_purchase,13410,20369,1.518941,208.585596,1416.22666667,3,Average,Average,"Below average - Bottom 20% of ads",0.623841,4248.68,Ongoing
2025-11-11,2025-11-18,"Se_TOF_Purchase|SE_TOF_Lookalike_NO_Buyers|Hanne presents SE",active,SE_TOF_Lookalike_NO_Buyers,0,ABSOLUTE_OCPM,800,Daily,2025-10-30T09:46:33+0100,"7-day click, 1-day view, or 1-day engaged-view",2,actions:offsite_conversion.fb_pixel_purchase,7469,9859,1.319989,278.329445,1372.025,2,Average,Average,"Below average - Bottom 20% of ads",0.482557,2744.05,Ongoing
2025-11-11,2025-11-18,"Se_TOF_Purchase|SE_TOF_Lookalike_NO_Buyers|Milo SE",inactive,SE_TOF_Lookalike_NO_Buyers,0,ABSOLUTE_OCPM,800,Daily,2025-10-30T09:46:33+0100,-,,,0,0,0,0,,,-,-,-,,0,Ongoing
2025-11-11,2025-11-18,"DK_TOF_Purchase|DK_TOF_Broad|Hanne på tur DK",active,DK_TOF_Broad,0,ABSOLUTE_OCPM,1216.7,Daily,2025-10-14T20:02:08+0200,"7-day click, 1-day view, or 1-day engaged-view",2,actions:offsite_conversion.fb_pixel_purchase,38399,52534,1.368109,146.633038,3851.61,2,Average,Average,"Below average - Bottom 35% of ads",0.172122,7703.22,Ongoing
2025-11-11,2025-11-18,"DK_TOF_Purchase|DK_TOF_Interest|Milo DK",active,DK_TOF_Interest,0,ABSOLUTE_OCPM,800,Daily,2025-10-14T20:01:46+0200,"7-day click, 1-day view, or 1-day engaged-view",3,actions:offsite_conversion.fb_pixel_purchase,10590,14463,1.365722,184.517043,889.55666667,3,-,-,-,0.725998,2668.67,Ongoing
2025-11-11,2025-11-18,"DK_TOF_Purchase|DK_TOF_Broad|Ingkjoo DK",inactive,DK_TOF_Broad,0,ABSOLUTE_OCPM,1216.7,Daily,2025-10-14T20:02:08+0200,-,,,0,0,0,0,,,-,-,-,,0,Ongoing
2025-11-11,2025-11-18,"DK_TOF_Purchase|DK_TOF_Interest|Hanne på tur DK",inactive,DK_TOF_Interest,0,ABSOLUTE_OCPM,800,Daily,2025-10-14T20:01:46+0200,-,,,0,0,0,0,,,-,-,-,,0,Ongoing
2025-11-11,2025-11-18,"DK_TOF_Purchase|DK_TOF_Broad|Milo DK",active,DK_TOF_Broad,0,ABSOLUTE_OCPM,1216.7,Daily,2025-10-14T20:02:08+0200,"7-day click, 1-day view, or 1-day engaged-view",,,485,539,1.11134,256.252319,,,Average,Average,"Below average - Bottom 35% of ads",,138.12,Ongoing
2025-11-11,2025-11-18,"DK_TOF_Purchase|DK_TOF_Broad|Hanne presenterer DK",active,DK_TOF_Broad,0,ABSOLUTE_OCPM,1216.7,Daily,2025-10-14T20:02:08+0200,"7-day click, 1-day view, or 1-day engaged-view",1,actions:offsite_conversion.fb_pixel_purchase,4963,5793,1.167238,174.155015,1008.88,1,Average,Average,"Below average - Bottom 20% of ads",0.604928,1008.88,Ongoing
2025-11-11,2025-11-18,"DK_TOF_Purchase|DK_TOF_Lookalike_NO_Buyers|Milo DK",active,DK_TOF_Lookalike_NO_Buyers,0,ABSOLUTE_OCPM,800,Daily,2025-10-14T22:41:36+0200,"7-day click, 1-day view, or 1-day engaged-view",,,11247,20539,1.826176,258.03301,,,-,-,-,,5299.74,Ongoing
2025-11-11,2025-11-18,"DK_TOF_Purchase|DK_TOF_Lookalike_NO_Buyers|Hanne presents DK",active,DK_TOF_Lookalike_NO_Buyers,0,ABSOLUTE_OCPM,800,Daily,2025-10-14T22:41:36+0200,"7-day click, 1-day view, or 1-day engaged-view",,,1941,2269,1.168985,291.846628,,,Average,Average,"Below average - Bottom 20% of ads",,662.2,Ongoing
2025-11-11,2025-11-18,"DK_TOF_Purchase|DK_TOF_Interest|Inkjoo DK",active,DK_TOF_Interest,0,ABSOLUTE_OCPM,800,Daily,2025-10-14T20:01:46+0200,"7-day click, 1-day view, or 1-day engaged-view",,,7747,11514,1.486253,145.566267,,,-,-,-,,1676.05,Ongoing
2025-11-11,2025-11-18,"DK_TOF_Purchase|DK_TOF_Interest|Hanne presents DK",active,DK_TOF_Interest,0,ABSOLUTE_OCPM,800,Daily,2025-10-14T20:01:46+0200,"7-day click, 1-day view, or 1-day engaged-view",,,7249,8863,1.222651,181.923728,,,Average,Average,"Below average - Bottom 20% of ads",,1612.39,Ongoing
2025-11-11,2025-11-18,"DK_TOF_Purchase|DK_TOF_Lookalike_NO_Buyers|Hanne på tur DK",inactive,DK_TOF_Lookalike_NO_Buyers,0,ABSOLUTE_OCPM,800,Daily,2025-10-14T22:41:36+0200,-,,,0,0,0,0,,,-,-,-,,0,Ongoing
2025-11-11,2025-11-18,"DK_TOF_Purchase|DK_TOF_Lookalike_NO_Buyers|Inkjoo DK",inactive,DK_TOF_Lookalike_NO_Buyers,0,ABSOLUTE_OCPM,800,Daily,2025-10-14T22:41:36+0200,-,,,0,0,0,0,,,-,-,-,,0,Ongoing
2025-11-11,2025-11-18,"NO_TOF_Purchase|NO_TOF_Interest|Eirin NO",inactive,NO_TOF_Interest,0,ABSOLUTE_OCPM,1000,Daily,2025-10-10T21:57:59+0200,-,,,0,0,0,0,,,-,-,-,,0,Ongoing
2025-11-11,2025-11-18,"NO_TOF_Purchase|NO_TOF_Interest|Therese NO",inactive,NO_TOF_Interest,0,ABSOLUTE_OCPM,1000,Daily,2025-10-10T21:57:59+0200,-,,,0,0,0,0,,,-,-,-,,0,Ongoing
2025-11-11,2025-11-18,"NO_TOF_Purchase|NO_TOF_Lookalike_Shopify|Eirin NO",active,NO_TOF_Lookalike_Shopify,0,ABSOLUTE_OCPM,1520.88,Daily,2025-10-10T21:58:06+0200,"7-day click, 1-day view, or 1-day engaged-view",8,actions:offsite_conversion.fb_pixel_purchase,27550,60154,2.183448,177.798151,1336.90875,8,-,-,-,0.3078,10695.27,Ongoing
2025-11-11,2025-11-18,"NO_TOF_Purchase|NO_TOF_Interest|Hanne presenterer",inactive,NO_TOF_Interest,0,ABSOLUTE_OCPM,1000,Daily,2025-10-10T21:57:59+0200,-,,,0,0,0,0,,,-,-,-,,0,Ongoing
2025-11-11,2025-11-18,NO_TOF_Purchase|NO_TOF_Interest|Milo,active,NO_TOF_Interest,0,ABSOLUTE_OCPM,1000,Daily,2025-10-10T21:57:59+0200,"7-day click, 1-day view, or 1-day engaged-view",1,actions:offsite_conversion.fb_pixel_purchase,18818,32582,1.731427,143.936529,4689.74,1,Average,Average,"Below average - Bottom 35% of ads",0.148836,4689.74,Ongoing
2025-11-11,2025-11-18,NO_TOF_Purchase|NO_TOF_Interest|Inkjoo,active,NO_TOF_Interest,0,ABSOLUTE_OCPM,1000,Daily,2025-10-10T21:57:59+0200,"7-day click, 1-day view, or 1-day engaged-view",4,actions:offsite_conversion.fb_pixel_purchase,17298,26333,1.522315,132.055975,869.3575,4,-,-,-,0.745953,3477.43,Ongoing
2025-11-11,2025-11-18,"NO_BOF_Purchase|NO_BOF_ATC_60D|Maren høsttilbud",inactive,NO_BOF_ATC_60D,0,ABSOLUTE_OCPM,800,Daily,2025-10-10T21:59:25+0200,-,,,0,0,0,0,,,-,-,-,,0,Ongoing
2025-11-11,2025-11-18,"NO_BOF_Purchase|NO_BOF_ATC_60D|Salg Golden",inactive,NO_BOF_ATC_60D,0,ABSOLUTE_OCPM,800,Daily,2025-10-10T21:59:25+0200,-,,,0,0,0,0,,,-,-,-,,0,Ongoing
2025-11-11,2025-11-18,"NO_BOF_Purchase|NO_BOF_ATC_60D|Salg Staff",active,NO_BOF_ATC_60D,0,ABSOLUTE_OCPM,800,Daily,2025-10-10T21:59:25+0200,"7-day click, 1-day view, or 1-day engaged-view",2,actions:offsite_conversion.fb_pixel_purchase,14192,39898,2.811302,156.115344,3114.345,2,Average,Average,"Below average - Bottom 35% of ads",0.192336,6228.69,Ongoing
2025-11-11,2025-11-18,NO_BOF_Purchase|NO_BOF_ATC_60D|Ridgeback,inactive,NO_BOF_ATC_60D,0,ABSOLUTE_OCPM,800,Daily,2025-10-10T21:59:25+0200,-,,,0,0,0,0,,,-,-,-,,0,Ongoing
2025-11-11,2025-11-18,NO_BOF_Purchase|NO_BOF_ATC_60D|Goose,inactive,NO_BOF_ATC_60D,0,ABSOLUTE_OCPM,800,Daily,2025-10-10T21:59:25+0200,-,,,0,0,0,0,,,-,-,-,,0,Ongoing
2025-11-11,2025-11-18,"NO_BOF_Purchase|NO_BOF_ATC_60D|Salg Golden",inactive,NO_BOF_WebVisitors_30D,0,ABSOLUTE_OCPM,800,Daily,2025-10-14T18:53:29+0200,-,,,0,0,0,0,,,-,-,-,,0,Ongoing
2025-11-11,2025-11-18,NO_BOF_Purchase|NO_BOF_ATC_60D|Goose,active,NO_BOF_InitCheckout_60D,0,ABSOLUTE_OCPM,800,Daily,2025-10-10T21:59:18+0200,"7-day click, 1-day view, or 1-day engaged-view",,,3625,7096,1.957517,239.974634,,,Average,"Above average","Below average - Bottom 35% of ads",,1702.86,Ongoing
2025-11-11,2025-11-18,NO_BOF_Purchase|NO_BOF_WebVisitors_30D|Goose,not_delivering,NO_BOF_WebVisitors_30D,0,ABSOLUTE_OCPM,800,Daily,2025-10-14T18:53:29+0200,-,,,0,0,0,0,,,-,-,-,,0,Ongoing
2025-11-11,2025-11-18,"NO_BOF_Purchase|NO_BOF_ATC_60D|Salg Staff",not_delivering,NO_BOF_WebVisitors_30D,0,ABSOLUTE_OCPM,800,Daily,2025-10-14T18:53:29+0200,-,,,0,0,0,0,,,-,-,-,,0,Ongoing
2025-11-11,2025-11-18,NO_BOF_Purchase|NO_BOF_InitCheckout_60D|Ridgeback,active,NO_BOF_InitCheckout_60D,0,ABSOLUTE_OCPM,800,Daily,2025-10-10T21:59:18+0200,"7-day click, 1-day view, or 1-day engaged-view",,,6577,14133,2.148852,132.335668,,,Average,Average,"Below average - Bottom 35% of ads",,1870.3,Ongoing
2025-11-11,2025-11-18,"NO_BOF_Purchase|NO_BOF_ATC_60D|Salg Staff",not_delivering,NO_BOF_Engaged_60D,0,ABSOLUTE_OCPM,1000,Daily,2025-10-10T21:59:13+0200,-,,,0,0,0,0,,,-,-,-,,0,Ongoing
2025-11-11,2025-11-18,"NO_BOF_Purchase|NO_BOF_ATC_60D|Salg Golden",inactive,NO_BOF_InitCheckout_60D,0,ABSOLUTE_OCPM,800,Daily,2025-10-10T21:59:18+0200,-,,,0,0,0,0,,,-,-,-,,0,Ongoing
2025-11-11,2025-11-18,NO_BOF_Purchase|NO_BOF_ATC_60D|Goose,not_delivering,NO_BOF_Engaged_60D,0,ABSOLUTE_OCPM,1000,Daily,2025-10-10T21:59:13+0200,-,,,0,0,0,0,,,-,-,-,,0,Ongoing
2025-11-11,2025-11-18,"NO_BOF_Purchase|NO_BOF_ATC_60D|Maren høsttilbud",inactive,NO_BOF_InitCheckout_60D,0,ABSOLUTE_OCPM,800,Daily,2025-10-10T21:59:18+0200,-,,,0,0,0,0,,,-,-,-,,0,Ongoing
2025-11-11,2025-11-18,"NO_BOF_Purchase|NO_BOF_ATC_60D|Maren høsttilbud",not_delivering,NO_BOF_Engaged_60D,0,ABSOLUTE_OCPM,1000,Daily,2025-10-10T21:59:13+0200,-,,,0,0,0,0,,,-,-,-,,0,Ongoing
2025-11-11,2025-11-18,"NO_BOF_Purchase|NO_BOF_ATC_60D|Maren høsttilbud",not_delivering,NO_BOF_WebVisitors_30D,0,ABSOLUTE_OCPM,800,Daily,2025-10-14T18:53:29+0200,-,,,0,0,0,0,,,-,-,-,,0,Ongoing
2025-11-11,2025-11-18,NO_BOF_Purchase|NO_BOF_ATC_60D|Ridgeback,not_delivering,NO_BOF_Engaged_60D,0,ABSOLUTE_OCPM,1000,Daily,2025-10-10T21:59:13+0200,-,,,0,0,0,0,,,-,-,-,,0,Ongoing
2025-11-11,2025-11-18,NO_BOF_Purchase|NO_BOF_ATC_60D|Ridgeback,not_delivering,NO_BOF_WebVisitors_30D,0,ABSOLUTE_OCPM,800,Daily,2025-10-14T18:53:29+0200,-,,,0,0,0,0,,,-,-,-,,0,Ongoing
2025-11-11,2025-11-18,"NO_BOF_Purchase|NO_BOF_InitCheckout_60D|Salg Staff",active,NO_BOF_InitCheckout_60D,0,ABSOLUTE_OCPM,800,Daily,2025-10-10T21:59:18+0200,"7-day click, 1-day view, or 1-day engaged-view",,,7822,14311,1.829583,149.236252,,,Average,Average,"Below average - Bottom 35% of ads",,2135.72,Ongoing
2025-11-11,2025-11-18,"NO_BOF_Purchase|NO_BOF_ATC_60D|Salg Golden",not_delivering,NO_BOF_Engaged_60D,0,ABSOLUTE_OCPM,1000,Daily,2025-10-10T21:59:13+0200,-,,,0,0,0,0,,,-,-,-,,0,Ongoing
2025-11-11,2025-11-18,"Se_TOF_Purchase|SE_TOF_Broad|Hanne på tur SE",active,SE_TOF_Broad,0,ABSOLUTE_OCPM,800,Daily,2025-10-30T09:46:19+0100,"7-day click, 1-day view, or 1-day engaged-view",,,28669,36695,1.279954,151.678158,,,Average,Average,"Below average - Bottom 20% of ads",,5565.83,Ongoing
2025-11-11,2025-11-18,"Se_TOF_Purchase|SE_TOF_Broad|Hanne presenterer SE",inactive,SE_TOF_Broad,0,ABSOLUTE_OCPM,800,Daily,2025-10-30T09:46:19+0100,-,,,0,0,0,0,,,-,-,-,,0,Ongoing
2025-11-11,2025-11-18,2510S1_Maren2_V2_Telenor,inactive,2510S1_Maren2_V2_Telenor,0,ABSOLUTE_OCPM,400,Daily,2025-10-10T21:06:07+0200,-,,,0,0,0,0,,,-,-,-,,0,Ongoing
2025-11-11,2025-11-18,2510S2_Maren3_Telenor,inactive,2510S2_Maren3_Telenor,0,ABSOLUTE_OCPM,1000,Daily,2025-10-01T11:12:01+0200,-,,,0,0,0,0,,,-,-,-,,0,Ongoing
2025-11-11,2025-11-18,2510V1_Goose_Telenor,not_delivering,2510V1_Goose_Telenor,0,ABSOLUTE_OCPM,400,Daily,2025-10-01T11:16:58+0200,-,,,0,0,0,0,,,-,-,-,,0,Ongoing
2025-11-11,2025-11-18,"2510V2_Hanne på tur_Telenor",active,"2510V2_Hanne på tur_Telenor",0,ABSOLUTE_OCPM,1200,Daily,2025-10-14T18:51:42+0200,"7-day click, 1-day view, or 1-day engaged-view",6,actions:offsite_conversion.fb_pixel_purchase,18000,40425,2.245833,221.244774,1490.63666667,6,"Below average - Bottom 35% of ads","Below average - Bottom 35% of ads","Below average - Bottom 20% of ads",0.435049,8943.82,Ongoing
2025-11-11,2025-11-18,2510S3_Maren6_Telenor,not_delivering,2510S3_Maren6_Telenor,0,ABSOLUTE_OCPM,800,Daily,2025-10-14T18:52:20+0200,-,,,0,0,0,0,,,-,-,-,,0,Ongoing
2025-11-11,2025-11-18,"NO_TOF_Purchase__NO_TOF_Broad__Hanne på tur",active,NO_TOF_Broad,0,ABSOLUTE_OCPM,1000,Daily,2025-10-10T22:07:00+0200,"7-day click, 1-day view, or 1-day engaged-view",6,actions:offsite_conversion.fb_pixel_purchase,48985,72705,1.48423,120.584416,1461.18166667,6,Average,Average,"Below average - Bottom 35% of ads",0.443819,8767.09,Ongoing
2025-11-11,2025-11-18,NO_TOF_Purchase__NO_TOF_Broad__Inkjoo,active,NO_TOF_Broad,0,ABSOLUTE_OCPM,1000,Daily,2025-10-10T22:07:00+0200,"7-day click, 1-day view, or 1-day engaged-view",,,730,867,1.187671,123.794694,,,Average,Average,"Below average - Bottom 35% of ads",,107.33,Ongoing
2025-11-11,2025-11-18,"NO_TOF_Purchase__NO_TOF_Broad__Hanne presenterer",inactive,NO_TOF_Broad,0,ABSOLUTE_OCPM,1000,Daily,2025-10-10T22:07:00+0200,-,,,0,0,0,0,,,-,-,-,,0,Ongoing
2025-11-11,2025-11-18,NO_TOF_Purchase__NO_TOF_Broad__Milo,active,NO_TOF_Broad,0,ABSOLUTE_OCPM,1000,Daily,2025-10-10T22:07:00+0200,"7-day click, 1-day view, or 1-day engaged-view",,,126,135,1.071429,155.185185,,,-,-,-,,20.95,Ongoing
2025-11-11,2025-11-18,"NO_TOF_Purchase|NO_TOF_Lookalike_Shopify|Hanne presenterer",inactive,NO_TOF_Lookalike_Shopify,0,ABSOLUTE_OCPM,1520.88,Daily,2025-10-10T21:58:06+0200,-,,,0,0,0,0,,,-,-,-,,0,Ongoing
2025-11-11,2025-11-18,"NO_TOF_Purchase|NO_TOF_Lookalike_Shopify|Hanne på tur",inactive,NO_TOF_Lookalike_Shopify,0,ABSOLUTE_OCPM,1520.88,Daily,2025-10-10T21:58:06+0200,-,,,0,0,0,0,,,-,-,-,,0,Ongoing
2025-11-11,2025-11-18,NO_TOF_Purchase|NO_TOF_Lookalike_Shopify|Inkjoo,inactive,NO_TOF_Lookalike_Shopify,0,ABSOLUTE_OCPM,1520.88,Daily,2025-10-10T21:58:06+0200,-,,,0,0,0,0,,,-,-,-,,0,Ongoing
2025-11-11,2025-11-18,NO_TOF_Purchase|NO_TOF_Lookalike_Shopify|Milo,inactive,NO_TOF_Lookalike_Shopify,0,ABSOLUTE_OCPM,1520.88,Daily,2025-10-10T21:58:06+0200,-,,,0,0,0,0,,,-,-,-,,0,Ongoing
2025-11-11,2025-11-18,"NO_TOF_Purchase|NO_TOF_Interest|Hanne på tur",inactive,NO_TOF_Interest,0,ABSOLUTE_OCPM,1000,Daily,2025-10-10T21:57:59+0200,-,,,0,0,0,0,,,-,-,-,,0,Ongoing
